Campaign,Campaign Daily Budget,Campaign Type,Networks,Languages,Location,Bid Strategy Type,Maximum CPC bid limit,Campaign Status,Ad Group,Ad Group Status,Keyword,Criterion Type,Ad Type,Final URL,Path 1,Path 2,Headline 1,Headline 2,Headline 3,Headline 4,Headline 5,Headline 6,Headline 7,Headline 8,Headline 9,Headline 10,Headline 11,Headline 12,Description 1,Description 2,Description 3,Description 4
Search - Cuadro de Mando [ES],15,Search,Google search,es;ca;en,Spain,Maximize clicks,2.50,Paused,,,,,,,,,,,,,,,,,,,,,,,,
Search - Cuadro de Mando [ES],,,,,,,,,Cuadro de mando,Enabled,,,,,,,,,,,,,,,,,,,,,,
Search - Cuadro de Mando [ES],,,,,,,,,Dashboards e informes,Enabled,,,,,,,,,,,,,,,,,,,,,,
Search - Cuadro de Mando [ES],,,,,,,,,BI y consultoria,Enabled,,,,,,,,,,,,,,,,,,,,,,
Search - Cuadro de Mando [ES],,,,,,,,,Cuadro de mando,,cuadro de mando empresa,Exact,,,,,,,,,,,,,,,,,,,,
Search - Cuadro de Mando [ES],,,,,,,,,Cuadro de mando,,cuadro de mando para pymes,Exact,,,,,,,,,,,,,,,,,,,,
Search - Cuadro de Mando [ES],,,,,,,,,Cuadro de mando,,cuadro de mando a medida,Exact,,,,,,,,,,,,,,,,,,,,
Search - Cuadro de Mando [ES],,,,,,,,,Cuadro de mando,,crear cuadro de mando,Phrase,,,,,,,,,,,,,,,,,,,,
Search - Cuadro de Mando [ES],,,,,,,,,Cuadro de mando,,cuadro de mando ventas,Phrase,,,,,,,,,,,,,,,,,,,,
Search - Cuadro de Mando [ES],,,,,,,,,Dashboards e informes,,dashboard para empresas,Exact,,,,,,,,,,,,,,,,,,,,
Search - Cuadro de Mando [ES],,,,,,,,,Dashboards e informes,,dashboard de ventas,Exact,,,,,,,,,,,,,,,,,,,,
Search - Cuadro de Mando [ES],,,,,,,,,Dashboards e informes,,dashboard a medida,Phrase,,,,,,,,,,,,,,,,,,,,
Search - Cuadro de Mando [ES],,,,,,,,,Dashboards e informes,,informes automaticos empresa,Phrase,,,,,,,,,,,,,,,,,,,,
Search - Cuadro de Mando [ES],,,,,,,,,Dashboards e informes,,automatizar informes excel,Phrase,,,,,,,,,,,,,,,,,,,,
Search - Cuadro de Mando [ES],,,,,,,,,BI y consultoria,,business intelligence pymes,Exact,,,,,,,,,,,,,,,,,,,,
Search - Cuadro de Mando [ES],,,,,,,,,BI y consultoria,,consultoria business intelligence,Exact,,,,,,,,,,,,,,,,,,,,
Search - Cuadro de Mando [ES],,,,,,,,,BI y consultoria,,consultor power bi,Phrase,,,,,,,,,,,,,,,,,,,,
Search - Cuadro de Mando [ES],,,,,,,,,BI y consultoria,,servicios business intelligence,Phrase,,,,,,,,,,,,,,,,,,,,
Search - Cuadro de Mando [ES],,,,,,,,,BI y consultoria,,consultoria de datos,Phrase,,,,,,,,,,,,,,,,,,,,
Search - Cuadro de Mando [ES],,,,,,,,,Cuadro de mando,,,,Responsive search ad,https://djpartners.es/lp/cuadro-de-mando,cuadro-mando,pymes,Cuadro de mando para PYMEs,Tu cuadro de mando a medida,Todos tus datos en un panel,"Ventas, caja y stock al día",Diagnóstico gratuito 20 min,Conectamos tu ERP y tu Excel,Sin Excel ni horas perdidas,"Decide con datos, no a ciegas",Nos ocupamos de todo,Panel listo en semanas,"Cuota mensual, sin sorpresas",Caso real: Grup Pous,"Diseñamos, construimos y mantenemos tu cuadro de mando. Tú lo abres y decides.","Tu ERP, Excel y CRM en un panel claro. Agenda un diagnóstico gratuito de 20 minutos.",Sin licencias complejas ni proyectos eternos: cuota mensual y panel listo en semanas.,"Caso real: Grup Pous controla ventas, pedidos y stock desde un panel a medida."
Search - Cuadro de Mando [ES],,,,,,,,,Dashboards e informes,,,,Responsive search ad,https://djpartners.es/lp/cuadro-de-mando,cuadro-mando,pymes,Cuadro de mando para PYMEs,Tu cuadro de mando a medida,Todos tus datos en un panel,"Ventas, caja y stock al día",Diagnóstico gratuito 20 min,Conectamos tu ERP y tu Excel,Sin Excel ni horas perdidas,"Decide con datos, no a ciegas",Nos ocupamos de todo,Panel listo en semanas,"Cuota mensual, sin sorpresas",Caso real: Grup Pous,"Diseñamos, construimos y mantenemos tu cuadro de mando. Tú lo abres y decides.","Tu ERP, Excel y CRM en un panel claro. Agenda un diagnóstico gratuito de 20 minutos.",Sin licencias complejas ni proyectos eternos: cuota mensual y panel listo en semanas.,"Caso real: Grup Pous controla ventas, pedidos y stock desde un panel a medida."
Search - Cuadro de Mando [ES],,,,,,,,,BI y consultoria,,,,Responsive search ad,https://djpartners.es/lp/cuadro-de-mando,cuadro-mando,pymes,Cuadro de mando para PYMEs,Tu cuadro de mando a medida,Todos tus datos en un panel,"Ventas, caja y stock al día",Diagnóstico gratuito 20 min,Conectamos tu ERP y tu Excel,Sin Excel ni horas perdidas,"Decide con datos, no a ciegas",Nos ocupamos de todo,Panel listo en semanas,"Cuota mensual, sin sorpresas",Caso real: Grup Pous,"Diseñamos, construimos y mantenemos tu cuadro de mando. Tú lo abres y decides.","Tu ERP, Excel y CRM en un panel claro. Agenda un diagnóstico gratuito de 20 minutos.",Sin licencias complejas ni proyectos eternos: cuota mensual y panel listo en semanas.,"Caso real: Grup Pous controla ventas, pedidos y stock desde un panel a medida."
